{
    "id": 1470,
    "word": "lean management",
    "palavra_origem": "devops",
    "timestamp": "2024-11-02T15:56:54",
    "vector_stats": {
        "dimensao": 384,
        "media": -1.2005221465936564e-05,
        "desvio_padrao": 0.0002919784499241448,
        "minimo": -0.005431421977178073,
        "maximo": 0.0011167495911705125,
        "primeiros_5_valores": [
            1.1924057130531671e-14,
            7.15351953791486e-09,
            -1.6417647817581213e-13,
            2.406579822684353e-18,
            -6.152062841065303e-09
        ]
    }
}